Title,Description
faucibus,Donec dapibus. Duis at velit eu est congue elementum.
massa tempor,Duis consequat dui nec nisi volutpat eleifend.
ac,Pellentesque eget nunc.
massa,Suspendisse potenti.
at,"Donec ut mauris eget massa tempor convallis. Nulla neque libero, convallis eget, eleifend luctus, ultricies eu, nibh."
ut,Nulla nisl. Nunc nisl.
convallis,"Lorem ipsum dolor sit amet, consectetuer adipiscing elit."
tincidunt,Proin eu mi. Nulla ac enim.
in,Donec semper sapien a libero.
vivamus,Suspendisse potenti.
quis libero,Pellentesque ultrices mattis odio. Donec vitae nisi.
odio,Integer ac leo. Pellentesque ultrices mattis odio.
fermentum justo,Proin eu mi. Nulla ac enim.
libero ut,Vivamus tortor. Duis mattis egestas metus.
arcu,"Lorem ipsum dolor sit amet, consectetuer adipiscing elit."
scelerisque mauris,In hac habitasse platea dictumst.
primis,Praesent id massa id nisl venenatis lacinia.
cursus,"Aliquam augue quam, sollicitudin vitae, consectetuer eget, rutrum at, lorem."
ac,In hac habitasse platea dictumst.
quam fringilla,"Fusce posuere felis sed lacus. Morbi sem mauris, laoreet ut, rhoncus aliquet, pulvinar sed, nisl."
primis in,Phasellus sit amet erat. Nulla tempus.
augue,"Donec vitae nisi. Nam ultrices, libero non mattis pulvinar, nulla pede ullamcorper augue, a suscipit nulla elit ac nulla."
diam,Vestibulum ante ipsum primis in faucibus orci luctus et ultrices posuere cubilia Curae; Duis faucibus accumsan odio.
sed interdum,Nulla suscipit ligula in lacus. Curabitur at ipsum ac tellus semper interdum.
in porttitor,Morbi non quam nec dui luctus rutrum.
ligula in,Mauris lacinia sapien quis libero.
nam,Aliquam erat volutpat. In congue.
vulputate,"Proin leo odio, porttitor id, consequat in, consequat ut, nulla. Sed accumsan felis."
ligula in,"Lorem ipsum dolor sit amet, consectetuer adipiscing elit. Proin risus."
morbi a,"Morbi vel lectus in quam fringilla rhoncus. Mauris enim leo, rhoncus sed, vestibulum sit amet, cursus id, turpis."
ultricies eu,"Mauris enim leo, rhoncus sed, vestibulum sit amet, cursus id, turpis."
ornare,Quisque id justo sit amet sapien dignissim vestibulum. Vestibulum ante ipsum primis in faucibus orci luctus et ultrices posuere cubilia Curae; Nulla dapibus dolor vel est.
diam,Morbi porttitor lorem id ligula.
pretium,Ut tellus. Nulla ut erat id mauris vulputate elementum.
arcu,Phasellus sit amet erat.
est,In hac habitasse platea dictumst.
pretium,Nulla ut erat id mauris vulputate elementum.
ultrices,Praesent blandit lacinia erat. Vestibulum sed magna at nunc commodo placerat.
a pede,Duis at velit eu est congue elementum.
convallis morbi,Aliquam erat volutpat.
montes,Nunc rhoncus dui vel sem.
est,Praesent blandit. Nam nulla.
curae donec,Maecenas pulvinar lobortis est. Phasellus sit amet erat.
consequat,Cras non velit nec nisi vulputate nonummy.
id massa,Vivamus vel nulla eget eros elementum pellentesque. Quisque porta volutpat erat.
justo morbi,"Integer aliquet, massa id lobortis convallis, tortor risus dapibus augue, vel accumsan tellus nisi eu orci."
elementum,"Lorem ipsum dolor sit amet, consectetuer adipiscing elit."
odio,Fusce consequat. Nulla nisl.
massa,Suspendisse potenti.
leo odio,Aliquam erat volutpat.
a suscipit,Nulla mollis molestie lorem.
ut blandit,Duis ac nibh.
metus sapien,Etiam justo. Etiam pretium iaculis justo.
eget,Maecenas tincidunt lacus at velit.
dictumst,"Fusce lacus purus, aliquet at, feugiat non, pretium quis, lectus. Suspendisse potenti."
suspendisse,"Donec diam neque, vestibulum eget, vulputate ut, ultrices vel, augue."
est,Nunc nisl.
libero quis,Cras in purus eu magna vulputate luctus.
ipsum,"Vivamus vestibulum sagittis sapien. Cum sociis natoque penatibus et magnis dis parturient montes, nascetur ridiculus mus."
elementum eu,Aliquam sit amet diam in magna bibendum imperdiet.
sit,Vestibulum rutrum rutrum neque. Aenean auctor gravida sem.
faucibus,"In hac habitasse platea dictumst. Aliquam augue quam, sollicitudin vitae, consectetuer eget, rutrum at, lorem."
sapien,Quisque ut erat. Curabitur gravida nisi at nibh.
felis,Morbi ut odio.
orci luctus,Nunc rhoncus dui vel sem. Sed sagittis.
integer tincidunt,Donec dapibus.
porttitor pede,Vivamus vestibulum sagittis sapien.
quam a,Praesent blandit lacinia erat. Vestibulum sed magna at nunc commodo placerat.
vulputate,"In hac habitasse platea dictumst. Morbi vestibulum, velit id pretium iaculis, diam erat fermentum justo, nec condimentum neque sapien placerat ante."
vel,Nam dui.
volutpat,Sed accumsan felis.
sit,Quisque porta volutpat erat.
potenti,In eleifend quam a odio. In hac habitasse platea dictumst.
pretium,Sed accumsan felis. Ut at dolor quis odio consequat varius.
sit amet,Mauris lacinia sapien quis libero.
suspendisse potenti,Fusce consequat. Nulla nisl.
potenti,"Duis bibendum, felis sed interdum venenatis, turpis enim blandit mi, in porttitor pede justo eu massa. Donec dapibus."
convallis tortor,Duis ac nibh.
justo etiam,"Fusce congue, diam id ornare imperdiet, sapien urna pretium nisl, ut volutpat sapien arcu sed augue. Aliquam erat volutpat."
ipsum,Vivamus vel nulla eget eros elementum pellentesque.
bibendum,"In blandit ultrices enim. Lorem ipsum dolor sit amet, consectetuer adipiscing elit."
pellentesque,Maecenas ut massa quis augue luctus tincidunt. Nulla mollis molestie lorem.
pede,Morbi a ipsum. Integer a nibh.
leo odio,Vivamus vel nulla eget eros elementum pellentesque.
quis,Praesent blandit.
diam,Integer tincidunt ante vel ipsum. Praesent blandit lacinia erat.
ut nunc,Nam dui.
quam sollicitudin,Praesent lectus.
dictumst morbi,Duis at velit eu est congue elementum.
nulla sed,Etiam vel augue. Vestibulum rutrum rutrum neque.
nullam,Pellentesque at nulla.
eu,"Fusce congue, diam id ornare imperdiet, sapien urna pretium nisl, ut volutpat sapien arcu sed augue. Aliquam erat volutpat."
lectus vestibulum,Morbi a ipsum.
lacus morbi,"Maecenas tristique, est et tempus semper, est quam pharetra magna, ac consequat metus sapien ut nunc."
lectus aliquam,Morbi non lectus. Aliquam sit amet diam in magna bibendum imperdiet.
venenatis tristique,Vestibulum rutrum rutrum neque.
felis donec,Curabitur gravida nisi at nibh. In hac habitasse platea dictumst.
mauris sit,Morbi porttitor lorem id ligula. Suspendisse ornare consequat lectus.
ante vel,"Maecenas tristique, est et tempus semper, est quam pharetra magna, ac consequat metus sapien ut nunc."
blandit non,In hac habitasse platea dictumst.
id,Donec semper sapien a libero.
pharetra,"Integer pede justo, lacinia eget, tincidunt eget, tempus vel, pede."
laoreet ut,Phasellus in felis. Donec semper sapien a libero.
viverra,Pellentesque eget nunc. Donec quis orci eget orci vehicula condimentum.
id sapien,"Quisque arcu libero, rutrum ac, lobortis vel, dapibus at, diam."
sollicitudin ut,Nam dui.
augue vestibulum,Mauris sit amet eros. Suspendisse accumsan tortor quis turpis.
elit,Nulla justo.
congue elementum,Praesent lectus.
amet,Vestibulum ante ipsum primis in faucibus orci luctus et ultrices posuere cubilia Curae; Mauris viverra diam vitae quam. Suspendisse potenti.
est quam,"Nam nulla. Integer pede justo, lacinia eget, tincidunt eget, tempus vel, pede."
rutrum rutrum,Fusce posuere felis sed lacus.
ipsum,"Vivamus metus arcu, adipiscing molestie, hendrerit at, vulputate vitae, nisl. Aenean lectus."
non,Maecenas ut massa quis augue luctus tincidunt.
nam,"Integer aliquet, massa id lobortis convallis, tortor risus dapibus augue, vel accumsan tellus nisi eu orci."
luctus,Maecenas pulvinar lobortis est.
morbi,Nulla justo.
sagittis dui,Donec dapibus. Duis at velit eu est congue elementum.
non,Fusce consequat.
in,"Integer pede justo, lacinia eget, tincidunt eget, tempus vel, pede."
ipsum dolor,Mauris ullamcorper purus sit amet nulla.
potenti cras,"Quisque erat eros, viverra eget, congue eget, semper rutrum, nulla. Nunc purus."
sapien placerat,"Integer aliquet, massa id lobortis convallis, tortor risus dapibus augue, vel accumsan tellus nisi eu orci. Mauris lacinia sapien quis libero."
diam erat,Integer ac neque. Duis bibendum.
ante,Duis mattis egestas metus.
vestibulum,"Nunc nisl. Duis bibendum, felis sed interdum venenatis, turpis enim blandit mi, in porttitor pede justo eu massa."
nisl,"Praesent lectus. Vestibulum quam sapien, varius ut, blandit non, interdum in, ante."
viverra,Nulla tempus. Vivamus in felis eu sapien cursus vestibulum.
semper,Donec quis orci eget orci vehicula condimentum. Curabitur in libero ut massa volutpat convallis.
primis in,Curabitur in libero ut massa volutpat convallis.
turpis eget,"Nullam orci pede, venenatis non, sodales sed, tincidunt eu, felis. Fusce posuere felis sed lacus."
nam congue,Morbi non quam nec dui luctus rutrum.
nec,"Curabitur in libero ut massa volutpat convallis. Morbi odio odio, elementum eu, interdum eu, tincidunt in, leo."
sit,Aenean sit amet justo. Morbi ut odio.
luctus et,Aenean sit amet justo.
sociis natoque,Vivamus tortor. Duis mattis egestas metus.
cras pellentesque,"In hac habitasse platea dictumst. Aliquam augue quam, sollicitudin vitae, consectetuer eget, rutrum at, lorem."
sed nisl,Aliquam sit amet diam in magna bibendum imperdiet.
nec dui,"Nulla ac enim. In tempor, turpis nec euismod scelerisque, quam turpis adipiscing lorem, vitae mattis nibh ligula nec sem."
ante,"Cras mi pede, malesuada in, imperdiet et, commodo vulputate, justo. In blandit ultrices enim."
metus,Ut tellus. Nulla ut erat id mauris vulputate elementum.
integer tincidunt,Nulla ut erat id mauris vulputate elementum.
augue aliquam,Suspendisse accumsan tortor quis turpis. Sed ante.
ac,"Lorem ipsum dolor sit amet, consectetuer adipiscing elit."
enim lorem,Etiam faucibus cursus urna.
ipsum,Nulla mollis molestie lorem. Quisque ut erat.
in,Duis mattis egestas metus.
venenatis,Cras in purus eu magna vulputate luctus.
eros,Pellentesque at nulla.
dui nec,"Aliquam sit amet diam in magna bibendum imperdiet. Nullam orci pede, venenatis non, sodales sed, tincidunt eu, felis."
in,In eleifend quam a odio.
elit sodales,"Nulla neque libero, convallis eget, eleifend luctus, ultricies eu, nibh."
leo rhoncus,Praesent blandit lacinia erat.
id,"Donec odio justo, sollicitudin ut, suscipit a, feugiat et, eros. Vestibulum ac est lacinia nisi venenatis tristique."
dictumst,Nunc nisl.
neque,Duis bibendum. Morbi non quam nec dui luctus rutrum.
accumsan odio,"Fusce congue, diam id ornare imperdiet, sapien urna pretium nisl, ut volutpat sapien arcu sed augue."
ipsum primis,Nullam varius. Nulla facilisi.
neque aenean,Integer ac neque.
faucibus orci,Vestibulum ante ipsum primis in faucibus orci luctus et ultrices posuere cubilia Curae; Duis faucibus accumsan odio.
viverra,"In est risus, auctor sed, tristique in, tempus sit amet, sem."
eget tempus,"Aliquam augue quam, sollicitudin vitae, consectetuer eget, rutrum at, lorem. Integer tincidunt ante vel ipsum."
vel,Morbi non lectus. Aliquam sit amet diam in magna bibendum imperdiet.
vivamus in,Sed ante. Vivamus tortor.
nulla,Praesent blandit lacinia erat. Vestibulum sed magna at nunc commodo placerat.
nunc nisl,"Vestibulum ac est lacinia nisi venenatis tristique. Fusce congue, diam id ornare imperdiet, sapien urna pretium nisl, ut volutpat sapien arcu sed augue."
in faucibus,"Quisque erat eros, viverra eget, congue eget, semper rutrum, nulla. Nunc purus."
duis,Pellentesque eget nunc.
nisi vulputate,Vivamus vel nulla eget eros elementum pellentesque. Quisque porta volutpat erat.
ante,Nullam porttitor lacus at turpis. Donec posuere metus vitae ipsum.
eleifend quam,Morbi a ipsum.
ipsum,Vestibulum ante ipsum primis in faucibus orci luctus et ultrices posuere cubilia Curae; Mauris viverra diam vitae quam. Suspendisse potenti.
lacus morbi,In eleifend quam a odio. In hac habitasse platea dictumst.
est donec,Vestibulum sed magna at nunc commodo placerat. Praesent blandit.
cursus,Nulla nisl. Nunc nisl.
dui,"Fusce lacus purus, aliquet at, feugiat non, pretium quis, lectus. Suspendisse potenti."
et magnis,"Mauris ullamcorper purus sit amet nulla. Quisque arcu libero, rutrum ac, lobortis vel, dapibus at, diam."
ligula,Cras in purus eu magna vulputate luctus.
sit,Etiam faucibus cursus urna.
vel enim,Morbi non quam nec dui luctus rutrum. Nulla tellus.
mus vivamus,Nullam varius. Nulla facilisi.
tempus semper,"Fusce congue, diam id ornare imperdiet, sapien urna pretium nisl, ut volutpat sapien arcu sed augue. Aliquam erat volutpat."
faucibus,"In est risus, auctor sed, tristique in, tempus sit amet, sem. Fusce consequat."
sed,Sed ante. Vivamus tortor.
posuere cubilia,Suspendisse potenti.
odio donec,In hac habitasse platea dictumst.
ut volutpat,Suspendisse ornare consequat lectus.
id nisl,Etiam faucibus cursus urna. Ut tellus.
vel enim,"Mauris ullamcorper purus sit amet nulla. Quisque arcu libero, rutrum ac, lobortis vel, dapibus at, diam."
est,In hac habitasse platea dictumst. Maecenas ut massa quis augue luctus tincidunt.
nec euismod,Duis consequat dui nec nisi volutpat eleifend.
tortor,Curabitur gravida nisi at nibh.
donec,"Morbi vestibulum, velit id pretium iaculis, diam erat fermentum justo, nec condimentum neque sapien placerat ante."
lectus aliquam,Phasellus id sapien in sapien iaculis congue.
id,Morbi non lectus.
in hac,Nam dui.
mauris enim,In hac habitasse platea dictumst. Maecenas ut massa quis augue luctus tincidunt.
bibendum felis,Proin risus.
sapien arcu,In quis justo.
dis,"Morbi sem mauris, laoreet ut, rhoncus aliquet, pulvinar sed, nisl."
vivamus,Vestibulum sed magna at nunc commodo placerat.
justo,Quisque ut erat.
curae nulla,Suspendisse ornare consequat lectus.
proin,Donec quis orci eget orci vehicula condimentum.
turpis elementum,Vestibulum ante ipsum primis in faucibus orci luctus et ultrices posuere cubilia Curae; Mauris viverra diam vitae quam.
enim,"Lorem ipsum dolor sit amet, consectetuer adipiscing elit. Proin interdum mauris non ligula pellentesque ultrices."
iaculis,"Lorem ipsum dolor sit amet, consectetuer adipiscing elit."
vulputate vitae,Pellentesque at nulla. Suspendisse potenti.
dolor sit,"Morbi quis tortor id nulla ultrices aliquet. Maecenas leo odio, condimentum id, luctus nec, molestie sed, justo."
eget rutrum,"Proin leo odio, porttitor id, consequat in, consequat ut, nulla. Sed accumsan felis."
pede venenatis,"Cum sociis natoque penatibus et magnis dis parturient montes, nascetur ridiculus mus. Etiam vel augue."
duis mattis,Vestibulum rutrum rutrum neque.
vestibulum,Aenean sit amet justo.
ut,Praesent id massa id nisl venenatis lacinia. Aenean sit amet justo.
at velit,Maecenas tincidunt lacus at velit. Vivamus vel nulla eget eros elementum pellentesque.
vitae,Vestibulum rutrum rutrum neque. Aenean auctor gravida sem.
dictumst,Praesent blandit.
posuere metus,Etiam vel augue. Vestibulum rutrum rutrum neque.
dui proin,In hac habitasse platea dictumst.
mauris viverra,"Donec vitae nisi. Nam ultrices, libero non mattis pulvinar, nulla pede ullamcorper augue, a suscipit nulla elit ac nulla."
sit amet,Morbi quis tortor id nulla ultrices aliquet.
interdum in,Morbi quis tortor id nulla ultrices aliquet.
curae donec,Morbi non quam nec dui luctus rutrum.
diam,"Nam dui. Proin leo odio, porttitor id, consequat in, consequat ut, nulla."
enim leo,Maecenas rhoncus aliquam lacus.
donec ut,"Cras pellentesque volutpat dui. Maecenas tristique, est et tempus semper, est quam pharetra magna, ac consequat metus sapien ut nunc."
eros vestibulum,"Cras in purus eu magna vulputate luctus. Cum sociis natoque penatibus et magnis dis parturient montes, nascetur ridiculus mus."
ultrices,Pellentesque eget nunc. Donec quis orci eget orci vehicula condimentum.
varius nulla,Nullam porttitor lacus at turpis. Donec posuere metus vitae ipsum.
molestie sed,"Fusce congue, diam id ornare imperdiet, sapien urna pretium nisl, ut volutpat sapien arcu sed augue. Aliquam erat volutpat."
mus vivamus,Fusce posuere felis sed lacus.
nunc vestibulum,Donec ut dolor. Morbi vel lectus in quam fringilla rhoncus.
tempus vivamus,Quisque ut erat.
aliquet,Suspendisse potenti. Nullam porttitor lacus at turpis.
rhoncus dui,Duis aliquam convallis nunc.
sed nisl,"Integer pede justo, lacinia eget, tincidunt eget, tempus vel, pede."
tincidunt,Duis mattis egestas metus. Aenean fermentum.
amet,Aenean sit amet justo. Morbi ut odio.
nullam,Etiam faucibus cursus urna. Ut tellus.
vivamus,Proin interdum mauris non ligula pellentesque ultrices. Phasellus id sapien in sapien iaculis congue.
sem,Etiam faucibus cursus urna. Ut tellus.
eget,Etiam faucibus cursus urna. Ut tellus.
duis aliquam,Nullam sit amet turpis elementum ligula vehicula consequat.
enim,"Vestibulum ac est lacinia nisi venenatis tristique. Fusce congue, diam id ornare imperdiet, sapien urna pretium nisl, ut volutpat sapien arcu sed augue."
pharetra magna,Morbi a ipsum. Integer a nibh.
morbi non,"Nunc nisl. Duis bibendum, felis sed interdum venenatis, turpis enim blandit mi, in porttitor pede justo eu massa."
iaculis justo,"Vestibulum ante ipsum primis in faucibus orci luctus et ultrices posuere cubilia Curae; Donec pharetra, magna vestibulum aliquet ultrices, erat tortor sollicitudin mi, sit amet lobortis sapien sapien non mi."
nullam,Nam dui.
vivamus metus,Sed accumsan felis. Ut at dolor quis odio consequat varius.
at,"Fusce posuere felis sed lacus. Morbi sem mauris, laoreet ut, rhoncus aliquet, pulvinar sed, nisl."
morbi ut,Nulla tellus. In sagittis dui vel nisl.
turpis,Morbi porttitor lorem id ligula.
iaculis,In eleifend quam a odio.
at,"Duis bibendum, felis sed interdum venenatis, turpis enim blandit mi, in porttitor pede justo eu massa."
ultrices erat,"Cras pellentesque volutpat dui. Maecenas tristique, est et tempus semper, est quam pharetra magna, ac consequat metus sapien ut nunc."
magna,"Quisque arcu libero, rutrum ac, lobortis vel, dapibus at, diam."
lacinia,Quisque id justo sit amet sapien dignissim vestibulum. Vestibulum ante ipsum primis in faucibus orci luctus et ultrices posuere cubilia Curae; Nulla dapibus dolor vel est.
lectus pellentesque,Phasellus in felis. Donec semper sapien a libero.
in ante,Vivamus vel nulla eget eros elementum pellentesque.
parturient montes,Aliquam erat volutpat.
amet,"Integer pede justo, lacinia eget, tincidunt eget, tempus vel, pede. Morbi porttitor lorem id ligula."
volutpat,Nulla facilisi.
nisl,Maecenas tincidunt lacus at velit.
dolor,Donec semper sapien a libero.
neque,Vestibulum rutrum rutrum neque. Aenean auctor gravida sem.
pretium iaculis,"Morbi sem mauris, laoreet ut, rhoncus aliquet, pulvinar sed, nisl."
leo,Etiam justo.
in felis,Nunc purus.
in,Integer ac neque. Duis bibendum.
cursus,Donec semper sapien a libero.
vestibulum ante,Aenean fermentum.
dui,"Integer aliquet, massa id lobortis convallis, tortor risus dapibus augue, vel accumsan tellus nisi eu orci."
justo morbi,Vivamus vestibulum sagittis sapien.
metus,"Suspendisse ornare consequat lectus. In est risus, auctor sed, tristique in, tempus sit amet, sem."
pulvinar nulla,Maecenas ut massa quis augue luctus tincidunt.
lacus,"Integer pede justo, lacinia eget, tincidunt eget, tempus vel, pede."
volutpat dui,Morbi ut odio.
orci,Pellentesque ultrices mattis odio.
quis orci,Cras pellentesque volutpat dui.
lectus,Nulla suscipit ligula in lacus. Curabitur at ipsum ac tellus semper interdum.
faucibus orci,Vestibulum ante ipsum primis in faucibus orci luctus et ultrices posuere cubilia Curae; Nulla dapibus dolor vel est.
consequat,"Integer pede justo, lacinia eget, tincidunt eget, tempus vel, pede. Morbi porttitor lorem id ligula."
enim blandit,Suspendisse potenti.
elit sodales,Donec posuere metus vitae ipsum.
lacinia erat,Duis ac nibh.
nullam orci,Etiam vel augue. Vestibulum rutrum rutrum neque.
lacinia,In congue. Etiam justo.
morbi vel,Nullam varius.
nec euismod,Pellentesque eget nunc.
sed,Morbi non quam nec dui luctus rutrum.
ultrices,"Integer aliquet, massa id lobortis convallis, tortor risus dapibus augue, vel accumsan tellus nisi eu orci. Mauris lacinia sapien quis libero."
bibendum,Proin interdum mauris non ligula pellentesque ultrices. Phasellus id sapien in sapien iaculis congue.
cubilia curae,Nulla nisl. Nunc nisl.
sit amet,"Morbi sem mauris, laoreet ut, rhoncus aliquet, pulvinar sed, nisl. Nunc rhoncus dui vel sem."
vestibulum,Praesent lectus.
consequat,Maecenas pulvinar lobortis est.
interdum eu,Mauris sit amet eros. Suspendisse accumsan tortor quis turpis.
ac,"Quisque arcu libero, rutrum ac, lobortis vel, dapibus at, diam. Nam tristique tortor eu pede."
nibh,Proin eu mi.
semper est,Integer non velit.
est quam,Integer ac neque.
nulla tempus,"Vivamus metus arcu, adipiscing molestie, hendrerit at, vulputate vitae, nisl. Aenean lectus."
amet diam,Morbi non lectus.
laoreet ut,"Vestibulum quam sapien, varius ut, blandit non, interdum in, ante."
cras,Nunc purus.
eget rutrum,Proin at turpis a pede posuere nonummy. Integer non velit.
lectus vestibulum,Aenean lectus. Pellentesque eget nunc.
porta,Praesent blandit. Nam nulla.
faucibus cursus,Vestibulum ac est lacinia nisi venenatis tristique.
semper sapien,Pellentesque at nulla. Suspendisse potenti.
accumsan,Pellentesque ultrices mattis odio.
massa id,Morbi non lectus.
ultrices vel,Etiam vel augue.
ante nulla,"Nam ultrices, libero non mattis pulvinar, nulla pede ullamcorper augue, a suscipit nulla elit ac nulla. Sed vel enim sit amet nunc viverra dapibus."
malesuada,Praesent blandit. Nam nulla.
erat volutpat,"Mauris ullamcorper purus sit amet nulla. Quisque arcu libero, rutrum ac, lobortis vel, dapibus at, diam."
at feugiat,Suspendisse potenti. Cras in purus eu magna vulputate luctus.
cras,"Fusce posuere felis sed lacus. Morbi sem mauris, laoreet ut, rhoncus aliquet, pulvinar sed, nisl."
nec condimentum,Proin at turpis a pede posuere nonummy. Integer non velit.
quis,Nam tristique tortor eu pede.
felis eu,Aliquam erat volutpat.
leo,Vestibulum sed magna at nunc commodo placerat. Praesent blandit.
potenti nullam,"Praesent lectus. Vestibulum quam sapien, varius ut, blandit non, interdum in, ante."
sem,Vivamus vestibulum sagittis sapien.
habitasse,Nulla suscipit ligula in lacus. Curabitur at ipsum ac tellus semper interdum.
aliquam sit,Praesent blandit lacinia erat.
erat eros,Donec dapibus.
nulla,Morbi quis tortor id nulla ultrices aliquet.
luctus,Pellentesque at nulla. Suspendisse potenti.
justo,"Fusce lacus purus, aliquet at, feugiat non, pretium quis, lectus."
eget,Duis mattis egestas metus. Aenean fermentum.
aenean,Suspendisse potenti.
parturient montes,Maecenas rhoncus aliquam lacus.
blandit,Integer tincidunt ante vel ipsum. Praesent blandit lacinia erat.
massa,Nunc purus. Phasellus in felis.
elit,"Vivamus vestibulum sagittis sapien. Cum sociis natoque penatibus et magnis dis parturient montes, nascetur ridiculus mus."
proin at,"In tempor, turpis nec euismod scelerisque, quam turpis adipiscing lorem, vitae mattis nibh ligula nec sem. Duis aliquam convallis nunc."
eget,Proin eu mi. Nulla ac enim.
tristique tortor,In hac habitasse platea dictumst. Etiam faucibus cursus urna.
suscipit,Fusce consequat. Nulla nisl.
tortor,Duis mattis egestas metus. Aenean fermentum.
massa,"Donec diam neque, vestibulum eget, vulputate ut, ultrices vel, augue."
ultrices,Nullam sit amet turpis elementum ligula vehicula consequat.
tortor,Phasellus in felis.
lacinia sapien,Aenean lectus. Pellentesque eget nunc.
sapien arcu,Etiam faucibus cursus urna.
sed vestibulum,Etiam pretium iaculis justo.
nascetur ridiculus,Nullam porttitor lacus at turpis. Donec posuere metus vitae ipsum.
aenean sit,"Vestibulum quam sapien, varius ut, blandit non, interdum in, ante. Vestibulum ante ipsum primis in faucibus orci luctus et ultrices posuere cubilia Curae; Duis faucibus accumsan odio."
sit,"Nam ultrices, libero non mattis pulvinar, nulla pede ullamcorper augue, a suscipit nulla elit ac nulla. Sed vel enim sit amet nunc viverra dapibus."
velit,In sagittis dui vel nisl.
at feugiat,"Cum sociis natoque penatibus et magnis dis parturient montes, nascetur ridiculus mus. Etiam vel augue."
pellentesque ultrices,"Integer aliquet, massa id lobortis convallis, tortor risus dapibus augue, vel accumsan tellus nisi eu orci. Mauris lacinia sapien quis libero."
nulla,"Integer non velit. Donec diam neque, vestibulum eget, vulputate ut, ultrices vel, augue."
rhoncus,"Vestibulum ante ipsum primis in faucibus orci luctus et ultrices posuere cubilia Curae; Donec pharetra, magna vestibulum aliquet ultrices, erat tortor sollicitudin mi, sit amet lobortis sapien sapien non mi."
aliquam lacus,Duis mattis egestas metus. Aenean fermentum.
ullamcorper purus,Donec semper sapien a libero. Nam dui.
consequat in,Vivamus tortor. Duis mattis egestas metus.
cras non,"Donec diam neque, vestibulum eget, vulputate ut, ultrices vel, augue. Vestibulum ante ipsum primis in faucibus orci luctus et ultrices posuere cubilia Curae; Donec pharetra, magna vestibulum aliquet ultrices, erat tortor sollicitudin mi, sit amet lobortis sapien sapien non mi."
platea dictumst,"Lorem ipsum dolor sit amet, consectetuer adipiscing elit. Proin interdum mauris non ligula pellentesque ultrices."
non,Integer ac neque.
in,In eleifend quam a odio.
nullam sit,"Cras mi pede, malesuada in, imperdiet et, commodo vulputate, justo. In blandit ultrices enim."
etiam vel,Nullam sit amet turpis elementum ligula vehicula consequat.
pede,Integer ac leo.
pellentesque at,Morbi ut odio.
viverra,"Vestibulum quam sapien, varius ut, blandit non, interdum in, ante."
vestibulum,Aenean auctor gravida sem.
cubilia curae,"Morbi sem mauris, laoreet ut, rhoncus aliquet, pulvinar sed, nisl. Nunc rhoncus dui vel sem."
adipiscing lorem,"Donec odio justo, sollicitudin ut, suscipit a, feugiat et, eros. Vestibulum ac est lacinia nisi venenatis tristique."
ut,Pellentesque viverra pede ac diam. Cras pellentesque volutpat dui.
ac,"Proin leo odio, porttitor id, consequat in, consequat ut, nulla. Sed accumsan felis."
tincidunt eu,Curabitur convallis.
elementum ligula,"Cras in purus eu magna vulputate luctus. Cum sociis natoque penatibus et magnis dis parturient montes, nascetur ridiculus mus."
a ipsum,Aenean sit amet justo.
quam,"Nam ultrices, libero non mattis pulvinar, nulla pede ullamcorper augue, a suscipit nulla elit ac nulla."
interdum in,"Integer pede justo, lacinia eget, tincidunt eget, tempus vel, pede. Morbi porttitor lorem id ligula."
lorem integer,"Vivamus vestibulum sagittis sapien. Cum sociis natoque penatibus et magnis dis parturient montes, nascetur ridiculus mus."
quisque erat,Vivamus vel nulla eget eros elementum pellentesque. Quisque porta volutpat erat.
pellentesque at,Donec ut dolor.
platea dictumst,"Cras mi pede, malesuada in, imperdiet et, commodo vulputate, justo. In blandit ultrices enim."
nibh in,Curabitur at ipsum ac tellus semper interdum.
donec,Integer tincidunt ante vel ipsum. Praesent blandit lacinia erat.
luctus,Nulla ac enim.
laoreet,Nullam molestie nibh in lectus. Pellentesque at nulla.
ante vivamus,Phasellus id sapien in sapien iaculis congue.
sit amet,In quis justo. Maecenas rhoncus aliquam lacus.
placerat ante,"Curabitur in libero ut massa volutpat convallis. Morbi odio odio, elementum eu, interdum eu, tincidunt in, leo."
eget elit,Praesent id massa id nisl venenatis lacinia. Aenean sit amet justo.
blandit mi,Morbi quis tortor id nulla ultrices aliquet.
quam,Proin eu mi. Nulla ac enim.
enim,Duis bibendum. Morbi non quam nec dui luctus rutrum.
donec semper,Nulla suscipit ligula in lacus. Curabitur at ipsum ac tellus semper interdum.
augue a,In congue.
lobortis,Suspendisse potenti.
arcu sed,Morbi porttitor lorem id ligula. Suspendisse ornare consequat lectus.
nulla,Cras non velit nec nisi vulputate nonummy. Maecenas tincidunt lacus at velit.
morbi odio,Integer tincidunt ante vel ipsum. Praesent blandit lacinia erat.
primis in,Vivamus vel nulla eget eros elementum pellentesque. Quisque porta volutpat erat.
volutpat erat,"Vestibulum quam sapien, varius ut, blandit non, interdum in, ante."
tortor eu,Duis bibendum. Morbi non quam nec dui luctus rutrum.
sed vel,Vivamus in felis eu sapien cursus vestibulum.
ut nunc,Pellentesque viverra pede ac diam.
sit,Praesent blandit lacinia erat.
sapien,Morbi non lectus.
aliquam augue,Suspendisse accumsan tortor quis turpis.
libero non,Donec semper sapien a libero.
non,"Maecenas leo odio, condimentum id, luctus nec, molestie sed, justo."
id,Maecenas pulvinar lobortis est.
accumsan,Maecenas pulvinar lobortis est.
ac tellus,"Lorem ipsum dolor sit amet, consectetuer adipiscing elit."
lobortis,Morbi non quam nec dui luctus rutrum.
auctor gravida,"Aliquam sit amet diam in magna bibendum imperdiet. Nullam orci pede, venenatis non, sodales sed, tincidunt eu, felis."
etiam,Sed vel enim sit amet nunc viverra dapibus. Nulla suscipit ligula in lacus.
porttitor id,"Lorem ipsum dolor sit amet, consectetuer adipiscing elit. Proin interdum mauris non ligula pellentesque ultrices."
ullamcorper augue,Maecenas pulvinar lobortis est. Phasellus sit amet erat.
ut,Praesent blandit.
ante,Aliquam non mauris.
nunc commodo,Vestibulum ante ipsum primis in faucibus orci luctus et ultrices posuere cubilia Curae; Nulla dapibus dolor vel est.
pede justo,Mauris lacinia sapien quis libero.
tempus sit,Duis mattis egestas metus.
duis aliquam,Morbi a ipsum. Integer a nibh.
interdum mauris,"Cras in purus eu magna vulputate luctus. Cum sociis natoque penatibus et magnis dis parturient montes, nascetur ridiculus mus."
leo,Etiam faucibus cursus urna. Ut tellus.
donec,Phasellus id sapien in sapien iaculis congue.
ac nibh,"Duis bibendum, felis sed interdum venenatis, turpis enim blandit mi, in porttitor pede justo eu massa. Donec dapibus."
at nulla,Quisque porta volutpat erat.
luctus,Integer ac leo.
vel pede,Proin risus.
ipsum primis,Quisque ut erat. Curabitur gravida nisi at nibh.
sit,Nulla tempus. Vivamus in felis eu sapien cursus vestibulum.
nibh,Ut at dolor quis odio consequat varius. Integer ac leo.
non velit,Praesent blandit lacinia erat.
viverra,Duis consequat dui nec nisi volutpat eleifend. Donec ut dolor.
etiam faucibus,Nulla justo.
odio,"Phasellus id sapien in sapien iaculis congue. Vivamus metus arcu, adipiscing molestie, hendrerit at, vulputate vitae, nisl."
ultrices,Aenean auctor gravida sem. Praesent id massa id nisl venenatis lacinia.
quam,Donec vitae nisi.
luctus,"Quisque erat eros, viverra eget, congue eget, semper rutrum, nulla."
in,Praesent id massa id nisl venenatis lacinia.
eget,Vestibulum ante ipsum primis in faucibus orci luctus et ultrices posuere cubilia Curae; Duis faucibus accumsan odio.
odio,"Morbi quis tortor id nulla ultrices aliquet. Maecenas leo odio, condimentum id, luctus nec, molestie sed, justo."
sem praesent,Aliquam sit amet diam in magna bibendum imperdiet.
vitae quam,Maecenas ut massa quis augue luctus tincidunt.
in quis,Maecenas tincidunt lacus at velit.
consequat,Morbi non lectus.
ac tellus,Donec quis orci eget orci vehicula condimentum. Curabitur in libero ut massa volutpat convallis.
nulla,"Nullam orci pede, venenatis non, sodales sed, tincidunt eu, felis. Fusce posuere felis sed lacus."
vulputate,"Donec diam neque, vestibulum eget, vulputate ut, ultrices vel, augue. Vestibulum ante ipsum primis in faucibus orci luctus et ultrices posuere cubilia Curae; Donec pharetra, magna vestibulum aliquet ultrices, erat tortor sollicitudin mi, sit amet lobortis sapien sapien non mi."
vitae,Morbi non lectus. Aliquam sit amet diam in magna bibendum imperdiet.
elit,In hac habitasse platea dictumst.
quisque arcu,Integer tincidunt ante vel ipsum.
mauris viverra,Donec vitae nisi.
mauris non,"Nam congue, risus semper porta volutpat, quam pede lobortis ligula, sit amet eleifend pede libero quis orci. Nullam molestie nibh in lectus."
montes,"Cum sociis natoque penatibus et magnis dis parturient montes, nascetur ridiculus mus."
est congue,Nulla suscipit ligula in lacus. Curabitur at ipsum ac tellus semper interdum.
nulla ac,"Vivamus vestibulum sagittis sapien. Cum sociis natoque penatibus et magnis dis parturient montes, nascetur ridiculus mus."
nisl,Nulla tempus. Vivamus in felis eu sapien cursus vestibulum.
aenean,"Vestibulum quam sapien, varius ut, blandit non, interdum in, ante. Vestibulum ante ipsum primis in faucibus orci luctus et ultrices posuere cubilia Curae; Duis faucibus accumsan odio."
nam tristique,Duis aliquam convallis nunc. Proin at turpis a pede posuere nonummy.
adipiscing,Praesent id massa id nisl venenatis lacinia.
leo,Sed vel enim sit amet nunc viverra dapibus. Nulla suscipit ligula in lacus.
nulla eget,"Morbi odio odio, elementum eu, interdum eu, tincidunt in, leo."
in faucibus,Pellentesque eget nunc.
at,Mauris ullamcorper purus sit amet nulla.
a libero,Cras non velit nec nisi vulputate nonummy. Maecenas tincidunt lacus at velit.
aliquet,Vivamus vestibulum sagittis sapien.
lobortis,Aenean auctor gravida sem. Praesent id massa id nisl venenatis lacinia.
amet,"Donec odio justo, sollicitudin ut, suscipit a, feugiat et, eros. Vestibulum ac est lacinia nisi venenatis tristique."
ligula,Nulla tellus. In sagittis dui vel nisl.
in,Nulla tempus.
sit amet,Donec quis orci eget orci vehicula condimentum. Curabitur in libero ut massa volutpat convallis.
sit amet,Pellentesque viverra pede ac diam.
interdum,Nulla mollis molestie lorem. Quisque ut erat.
elit proin,Fusce posuere felis sed lacus.
dapibus,"Morbi vel lectus in quam fringilla rhoncus. Mauris enim leo, rhoncus sed, vestibulum sit amet, cursus id, turpis."
augue,"Fusce congue, diam id ornare imperdiet, sapien urna pretium nisl, ut volutpat sapien arcu sed augue. Aliquam erat volutpat."
cras non,"Nam dui. Proin leo odio, porttitor id, consequat in, consequat ut, nulla."
vulputate,"Nulla neque libero, convallis eget, eleifend luctus, ultricies eu, nibh. Quisque id justo sit amet sapien dignissim vestibulum."
nascetur ridiculus,Maecenas ut massa quis augue luctus tincidunt.
placerat,Fusce consequat.
morbi odio,"Mauris enim leo, rhoncus sed, vestibulum sit amet, cursus id, turpis. Integer aliquet, massa id lobortis convallis, tortor risus dapibus augue, vel accumsan tellus nisi eu orci."
magnis,Nulla nisl.
vitae quam,"Aliquam augue quam, sollicitudin vitae, consectetuer eget, rutrum at, lorem. Integer tincidunt ante vel ipsum."
mauris,"Donec odio justo, sollicitudin ut, suscipit a, feugiat et, eros."
nec nisi,In hac habitasse platea dictumst. Etiam faucibus cursus urna.
odio,"Morbi quis tortor id nulla ultrices aliquet. Maecenas leo odio, condimentum id, luctus nec, molestie sed, justo."
viverra,Nulla tempus. Vivamus in felis eu sapien cursus vestibulum.
primis in,Pellentesque at nulla.
dolor quis,Nulla justo.
justo,Vivamus tortor.
lectus,In quis justo.
accumsan felis,Nulla facilisi.
suspendisse,Aenean sit amet justo.
in magna,Proin interdum mauris non ligula pellentesque ultrices. Phasellus id sapien in sapien iaculis congue.
lorem id,Vestibulum ante ipsum primis in faucibus orci luctus et ultrices posuere cubilia Curae; Duis faucibus accumsan odio. Curabitur convallis.
sapien,Etiam pretium iaculis justo. In hac habitasse platea dictumst.
diam erat,Praesent lectus.
lorem,"In tempor, turpis nec euismod scelerisque, quam turpis adipiscing lorem, vitae mattis nibh ligula nec sem. Duis aliquam convallis nunc."
maecenas leo,"Morbi odio odio, elementum eu, interdum eu, tincidunt in, leo. Maecenas pulvinar lobortis est."
